List1,List2,List3
2,3,1.0
135,106,5.0
8,2,5.0
256,55,5.0
106,55,3.0
277,6,3.0
10,0,4.0
283,2,4.0
19,3,4.0
281,52,1.0
91,71,3.0
55,6,3.0
268,199,5.0
293,236,5.0
0,5,3.0
127,65,5.0
201,60,5.0
165,41,3.0
276,45,3.0
321,7,1.0
11,1,1.0
80,87,2.0
297,7,4.0
321,55,2.0
0,0,3.0
201,161,3.0
11,0,2.0
117,7,4.0
285,52,4.0
7,5,1.0
136,36,4.0
0,1,1.0
89,41,4.0
0,0,4.0
29,18,3.0
160,70,5.0
81,41,2.0
82,7,3.0
119,38,5.0
10,4,3.0
255,2,5.0
220,42,3.0
319,52,3.0
23,0,3.0
66,50,3.0
184,7,1.0
0,0,5.0
4,6,1.0
89,64,5.0
254,55,3.0
121,6,4.0
6,3,2.0
166,45,4.0
6,3,1.0
0,2,4.0
110,55,2.0
275,45,3.0
6,6,4.0
18,5,5.0
288,2,5.0
100,54,4.0
40,55,5.0
108,56,4.0
168,70,5.0
234,7,4.0
225,42,4.0
143,115,4.0
64,41,4.0
66,7,4.0
18,2,4.0
96,36,4.0
23,7,2.0
64,6,3.0
268,195,3.0
307,241,3.0
275,0,2.0
11,1,1.0
178,117,5.0
120,55,5.0
23,2,4.0
201,146,2.0
90,2,3.0
76,74,5.0
223,2,3.0
237,7,5.0
107,41,4.0
1,1,1.0
268,204,1.0
119,42,5.0
237,2,4.0
293,7,3.0
308,7,5.0
291,45,2.0
193,55,5.0
292,45,4.0
286,2,4.0
305,55,1.0
290,55,3.0
129,74,3.0
306,239,5.0
177,2,2.0
101,26,3.0
114,74,5.0
82,48,3.0
6,7,5.0
23,5,2.0
160,42,2.0
54,42,4.0
0,5,2.0
268,206,4.0
0,1,4.0
2,2,3.0
223,55,5.0
26,12,5.0
144,109,3.0
13,0,2.0
18,4,3.0
205,55,3.0
23,6,2.0
0,2,3.0
137,6,2.0
11,6,5.0
241,7,1.0
10,6,3.0
159,41,1.0
3,5,2.0
20,0,3.0
72,2,2.0
49,55,4.0
96,54,5.0
132,70,5.0
23,5,2.0
33,6,5.0
290,2,4.0
200,6,3.0
18,4,2.0
61,18,4.0
1,0,1.0
201,122,1.0
0,0,3.0
149,65,3.0
0,5,1.0
293,6,3.0
69,43,1.0
0,1,3.0
10,0,4.0
303,2,3.0
159,7,1.0
201,101,5.0
18,5,1.0
295,7,2.0
0,6,4.0
164,113,5.0
151,55,5.0
288,52,4.0
22,0,3.0
3,6,4.0
73,78,2.0
6,4,5.0
22,0,4.0
228,45,3.0
270,217,5.0
4,3,1.0
170,109,5.0
314,6,5.0
87,78,4.0
303,55,4.0
234,41,5.0
165,42,5.0
144,116,3.0
317,41,1.0
0,2,5.0
4,2,2.0
270,209,5.0
8,0,1.0
143,57,4.0
209,55,3.0
51,6,4.0
23,1,2.0
175,55,5.0
288,45,1.0
147,68,4.0
163,110,5.0
241,45,1.0
280,6,5.0
3,3,3.0
159,6,4.0
31,6,5.0
6,3,2.0
71,48,4.0
31,16,5.0
172,59,5.0
267,6,4.0
23,2,5.0
4,6,1.0
309,7,5.0
18,5,1.0
201,164,5.0
0,0,2.0
162,41,5.0
22,6,4.0
21,5,2.0
88,36,4.0
140,59,4.0
240,6,2.0
71,81,3.0
162,55,5.0
68,55,4.0
11,4,4.0
6,3,1.0
6,6,1.0
323,52,4.0
8,6,1.0
227,45,1.0
253,2,4.0
0,5,4.0
0,6,3.0
49,2,5.0
11,0,4.0
246,7,1.0
314,248,4.0
206,6,4.0
41,60,3.0
24,3,4.0
202,55,5.0
295,237,1.0
90,73,1.0
65,47,5.0
89,70,3.0
0,2,4.0
270,41,4.0
68,54,4.0
0,0,4.0
4,3,1.0
316,2,5.0
11,1,2.0
9,0,5.0
133,72,5.0
23,6,3.0
11,7,4.0
230,55,5.0
6,3,1.0
70,7,3.0
303,42,2.0
289,7,1.0
239,55,4.0
282,55,4.0
52,38,5.0
291,2,3.0
6,0,5.0
176,2,5.0
59,7,4.0
68,7,5.0
29,20,5.0
12,1,2.0
0,1,3.0
94,52,4.0
120,52,1.0
198,52,5.0
10,0,3.0
1,0,1.0
307,6,5.0
234,45,5.0
23,2,3.0
23,0,2.0
52,61,5.0
274,2,2.0
197,55,3.0
0,7,4.0
205,2,1.0
224,7,4.0
109,45,5.0
230,109,5.0
8,6,5.0
2,4,1.0
6,4,4.0
8,0,1.0
0,3,4.0
6,6,4.0
268,158,1.0
45,56,5.0
105,68,2.0
258,2,4.0
69,6,5.0
80,90,5.0
178,6,3.0
321,52,2.0
238,6,3.0
44,67,4.0
150,63,3.0
303,7,5.0
0,7,4.0
201,160,4.0
3,2,2.0
137,52,5.0
201,172,2.0
30,23,1.0
274,7,1.0
8,7,2.0
63,67,5.0
10,6,5.0
184,45,5.0
0,5,1.0
197,6,4.0
160,48,4.0
261,55,5.0
221,6,3.0
237,52,5.0
290,55,3.0
0,6,4.0
301,7,1.0
243,42,3.0
82,41,4.0
311,7,5.0
1,1,1.0
279,6,4.0
305,2,3.0
206,2,2.0
228,41,4.0
6,4,1.0
23,7,5.0
216,38,4.0
322,234,5.0
275,7,4.0
201,165,4.0
286,7,5.0
200,141,5.0
203,52,2.0
289,52,4.0
23,0,3.0
117,34,3.0
293,66,4.0
4,6,1.0
248,38,5.0
201,2,5.0
277,208,4.0
23,2,5.0
23,7,4.0
65,61,4.0
303,52,4.0
62,41,5.0
100,61,4.0
72,6,4.0
23,4,3.0
236,55,5.0
136,59,3.0
169,6,4.0
36,6,4.0
192,6,5.0
54,17,3.0
22,0,4.0
295,6,4.0
129,2,3.0
51,41,4.0
87,64,2.0
23,6,3.0
122,43,3.0
301,55,4.0
162,69,2.0
284,52,3.0
6,0,5.0
46,45,3.0
83,42,4.0
8,6,3.0
321,2,3.0
144,117,5.0
1,1,1.0
0,5,3.0
46,68,4.0
255,6,4.0
230,74,5.0
274,41,3.0
201,173,3.0
71,83,3.0
258,42,5.0
23,0,5.0
0,6,2.0
22,0,1.0
94,41,5.0
103,52,5.0
73,55,3.0
234,2,4.0
140,7,3.0
37,42,3.0
18,4,2.0
122,74,5.0
18,2,2.0
195,52,2.0
243,7,4.0
8,5,1.0
46,66,4.0
0,1,4.0
0,0,4.0
135,41,4.0
0,6,5.0
283,45,2.0
263,55,5.0
253,6,4.0
113,6,3.0
110,65,2.0
20,5,2.0
0,0,5.0
230,7,5.0
10,7,4.0
57,34,4.0
151,42,4.0
323,55,4.0
123,6,4.0
8,1,1.0
296,41,4.0
7,1,2.0
121,75,4.0
242,52,3.0
23,2,4.0
241,42,1.0
166,34,5.0
20,7,4.0
115,6,4.0
101,6,3.0
72,7,5.0
310,6,3.0
207,41,4.0
61,65,4.0
1,0,2.0
0,1,2.0
122,99,5.0
31,31,4.0
3,2,4.0
144,2,5.0
200,55,3.0
140,45,2.0
6,2,4.0
6,6,5.0
316,41,5.0
91,57,3.0
76,54,2.0
101,7,4.0
99,42,3.0
239,2,3.0
0,3,3.0
136,64,4.0
261,42,2.0
78,45,5.0
179,117,5.0
15,0,4.0
0,2,5.0
72,41,4.0
57,78,3.0
0,0,3.0
18,7,5.0
276,41,5.0
184,55,5.0
11,4,3.0
268,196,3.0
308,52,5.0
23,0,5.0
141,42,5.0
237,45,4.0
251,52,3.0
20,5,1.0
6,3,1.0
282,231,1.0
267,2,5.0
70,52,2.0
85,57,4.0
62,78,4.0
6,3,2.0
277,219,4.0
95,84,1.0
204,45,2.0
283,55,2.0
285,234,5.0
0,1,2.0
0,7,4.0
201,150,4.0
321,58,4.0
23,3,2.0
208,6,5.0
161,67,4.0
68,58,4.0
6,7,2.0
109,41,3.0
23,7,3.0
66,55,3.0
208,55,5.0
221,189,3.0
8,0,1.0
140,55,5.0
172,127,5.0
307,7,5.0
120,7,3.0
0,6,4.0
6,0,5.0
239,45,4.0
0,7,5.0
220,55,5.0
63,6,5.0
6,2,4.0
298,41,5.0
295,41,4.0
90,45,5.0
307,242,4.0
293,43,3.0
165,57,4.0
214,6,4.0
67,55,4.0
222,52,4.0
10,0,5.0
298,45,5.0
188,7,1.0
301,41,3.0
255,45,4.0
61,49,4.0
154,77,4.0
221,47,4.0
23,6,5.0
214,7,3.0
140,111,5.0
11,6,5.0
3,0,3.0
242,41,3.0
20,7,3.0
6,1,1.0
208,42,5.0
30,28,1.0
68,183,5.0
270,137,5.0
165,55,5.0
3,5,1.0
1,2,2.0
6,6,5.0
13,4,3.0
145,41,4.0
103,61,1.0
3,5,2.0
201,156,3.0
293,91,3.0
2,0,1.0
22,0,5.0
307,129,5.0
0,5,4.0
16,5,2.0
3,6,5.0
173,7,2.0
128,49,1.0
227,2,5.0
294,7,3.0
107,55,3.0
266,52,4.0
139,14,2.0
29,14,4.0
23,2,5.0
3,5,2.0
92,7,2.0
88,55,3.0
119,39,5.0
253,7,4.0
0,7,4.0
6,3,1.0
201,175,1.0
96,55,5.0
0,1,1.0
13,4,1.0
201,55,5.0
134,59,4.0
23,0,3.0
23,2,5.0
134,45,4.0
311,38,5.0
246,45,4.0
2,3,1.0
128,78,5.0
247,41,2.0
128,57,4.0
6,0,5.0
101,2,4.0
140,41,1.0
0,3,2.0
132,7,5.0
237,41,4.0
37,17,1.0
254,7,1.0
76,45,1.0
201,153,3.0
116,45,4.0
106,68,4.0
69,68,1.0
201,163,4.0
3,5,1.0
90,6,2.0
267,42,1.0
22,0,3.0
23,0,2.0
68,184,5.0
95,45,4.0
107,54,4.0
161,55,5.0
307,41,3.0
290,2,4.0
6,0,2.0
23,6,4.0
53,55,4.0
173,52,5.0
247,2,2.0
0,3,2.0
55,45,5.0
148,49,5.0
99,41,3.0
108,74,5.0
0,1,2.0
280,41,3.0
6,7,3.0
286,6,4.0
113,45,2.0
317,45,1.0
152,41,4.0
151,2,5.0
121,100,5.0
183,2,5.0
119,66,5.0
293,2,5.0
290,41,3.0
171,42,5.0
3,2,3.0
34,47,4.0
273,55,3.0
72,55,5.0
0,1,2.0
300,45,1.0
129,67,4.0
196,41,3.0
0,4,4.0
116,67,4.0
62,55,5.0
42,6,5.0
269,58,5.0
290,7,4.0
18,7,5.0
183,7,3.0
268,193,4.0
64,7,3.0
269,208,4.0
23,6,5.0
75,55,4.0
21,4,5.0
241,52,3.0
129,7,5.0
33,7,4.0
35,48,3.0
268,202,5.0
311,78,4.0
0,1,1.0
81,11,4.0
101,45,4.0
97,36,3.0
68,125,5.0
177,41,3.0
81,93,5.0
314,52,3.0
11,2,1.0
96,45,4.0
235,45,1.0
134,42,3.0
8,5,1.0
51,75,4.0
190,55,5.0
5,4,5.0
7,7,1.0
169,45,5.0
8,2,5.0
129,43,5.0
180,2,4.0
3,7,4.0
9,7,1.0
127,42,4.0
23,7,4.0
80,74,5.0
185,133,5.0
305,6,1.0
11,5,4.0
285,45,4.0
17,0,3.0
80,90,5.0
201,154,3.0
282,7,3.0
89,55,4.0
0,5,1.0
61,52,4.0
0,6,2.0
195,41,2.0
6,7,5.0
1,2,2.0
215,42,4.0
15,7,5.0
173,2,2.0
23,0,3.0
23,7,3.0
237,42,5.0
123,42,4.0
59,66,4.0
140,42,1.0
20,5,2.0
0,3,4.0
32,36,5.0
85,65,5.0
23,2,5.0
18,3,2.0
285,55,4.0
131,66,4.0
134,60,5.0
6,5,1.0
214,42,2.0
296,6,5.0
269,52,5.0
222,6,3.0
12,1,2.0
140,6,2.0
15,4,1.0
106,6,1.0
238,41,2.0
23,1,2.0
46,71,5.0
171,41,5.0
18,5,1.0
15,0,2.0
99,55,5.0
76,52,4.0
172,126,5.0
43,65,5.0
271,52,5.0
236,6,4.0
176,45,2.0
19,1,3.0
241,2,5.0
140,112,5.0
300,42,2.0
190,6,4.0
0,3,3.0
4,7,5.0
3,0,4.0
101,63,4.0
275,6,3.0
147,42,3.0
141,35,4.0
23,4,3.0
113,7,3.0
157,6,5.0
6,1,3.0
282,228,1.0
8,1,1.0
11,1,2.0
283,52,3.0
77,52,4.0
246,52,4.0
266,238,4.0
6,6,3.0
40,7,5.0
32,45,4.0
132,45,4.0
13,0,5.0
154,7,4.0
245,70,4.0
180,6,2.0
236,109,5.0
23,3,2.0
10,4,3.0
0,2,5.0
317,20,5.0
149,2,3.0
23,0,4.0
178,55,4.0
8,2,5.0
15,4,2.0
8,3,2.0
192,138,5.0
10,4,2.0
259,42,1.0
302,6,4.0
163,37,3.0
0,0,4.0
6,0,3.0
127,41,5.0
184,42,5.0
93,54,4.0
269,215,4.0
9,0,5.0
2,0,1.0
97,97,5.0
57,6,3.0
70,78,2.0
78,47,4.0
189,38,5.0
30,30,4.0
266,6,4.0
199,42,5.0
68,220,4.0
204,55,5.0
279,7,1.0
64,55,4.0
6,0,3.0
201,151,4.0
3,5,2.0
207,7,1.0
23,2,5.0
293,38,5.0
54,55,4.0
250,6,5.0
23,7,3.0
81,6,2.0
282,6,4.0
298,6,2.0
8,0,2.0
306,7,4.0
6,0,4.0
23,3,1.0
6,6,4.0
54,77,4.0
7,5,1.0
0,1,2.0
297,55,2.0
94,55,5.0
278,55,5.0
15,4,3.0
282,42,4.0
6,0,2.0
6,3,3.0
0,7,5.0
19,3,2.0
8,7,3.0
40,56,5.0
0,6,4.0
0,4,3.0
84,7,4.0
201,176,2.0
0,5,3.0
6,3,5.0
23,2,5.0
276,52,4.0
31,27,5.0
208,41,5.0
70,74,1.0
0,0,3.0
211,186,4.0
74,34,4.0
233,42,2.0
183,41,5.0
147,74,4.0
306,6,5.0
222,41,3.0
293,45,3.0
6,2,5.0
275,41,4.0
22,0,2.0
9,0,5.0
66,6,3.0
0,5,2.0
201,159,3.0
11,2,5.0
126,18,4.0
65,75,4.0
177,52,3.0
0,6,5.0
158,106,3.0
214,41,3.0
6,6,4.0
3,5,1.0
183,45,5.0
230,72,5.0
248,63,4.0
22,5,1.0
3,5,2.0
293,129,5.0
295,55,5.0
321,57,1.0
108,73,3.0
8,1,1.0
166,57,5.0
22,0,1.0
259,41,3.0
64,58,4.0
82,57,3.0
289,2,1.0
0,0,3.0
22,0,1.0
206,7,5.0
99,6,3.0
259,52,5.0
290,7,4.0
90,51,4.0
3,4,2.0
272,6,3.0
41,61,4.0
282,61,5.0
282,233,2.0
30,27,4.0
142,35,4.0
76,58,5.0
38,53,3.0
1,2,1.0
196,6,1.0
295,42,2.0
6,7,5.0
271,41,5.0
295,2,3.0
0,0,4.0
201,38,5.0
0,2,5.0
47,72,5.0
15,0,3.0
127,58,5.0
91,53,1.0
32,38,5.0
97,96,5.0
32,6,5.0
23,3,2.0
97,58,5.0
57,14,3.0
138,109,4.0
288,7,4.0
201,67,5.0
35,42,4.0
242,42,3.0
91,52,5.0
8,4,4.0
147,55,5.0
0,2,5.0
178,42,2.0
244,6,3.0
99,63,4.0
278,7,1.0
284,41,5.0
176,52,5.0
7,3,2.0
22,0,1.0
125,6,1.0
11,0,3.0
20,7,3.0
53,6,3.0
149,61,5.0
151,41,1.0
125,7,1.0
97,45,5.0
88,41,4.0
19,4,2.0
6,0,1.0
278,42,3.0
321,36,3.0
32,42,5.0
180,45,3.0
2,0,4.0
46,7,5.0
259,7,4.0
0,3,3.0
83,76,5.0
42,63,5.0
206,55,5.0
15,0,3.0
227,52,2.0
252,55,3.0
6,6,1.0
23,4,3.0
0,0,3.0
99,77,4.0
91,69,2.0
73,67,4.0
323,45,5.0
261,41,4.0
16,5,2.0
6,4,5.0
300,6,4.0
23,6,2.0
12,1,2.0
246,6,5.0
221,55,3.0
18,6,4.0
6,6,3.0
287,41,3.0
6,7,1.0
11,6,5.0
5,4,5.0
125,55,5.0
205,6,3.0
6,5,2.0
286,45,3.0
156,6,4.0
0,7,4.0
140,2,1.0
202,45,4.0
265,55,4.0
43,55,4.0
8,4,4.0
178,41,4.0
8,0,1.0
204,52,1.0
24,6,5.0
234,6,4.0
142,76,4.0
6,6,4.0
16,5,2.0
23,5,3.0
3,3,3.0
176,7,5.0
153,67,4.0
18,3,4.0
6,0,2.0
256,6,4.0
137,45,3.0
87,36,5.0
0,2,5.0
6,0,4.0
178,7,4.0
56,68,4.0
108,58,4.0
282,87,1.0
80,88,3.0
201,149,3.0
268,55,5.0
69,7,1.0
268,42,5.0
2,0,1.0
119,57,4.0
122,6,5.0
254,41,4.0
56,74,3.0
17,0,4.0
23,0,4.0
242,45,3.0
280,2,5.0
221,45,4.0
23,7,5.0
149,41,4.0
154,42,4.0
168,65,4.0
182,45,4.0
222,55,4.0
314,55,3.0
0,6,3.0
48,55,4.0
89,57,3.0
20,0,3.0
74,57,4.0
52,71,5.0
12,1,4.0
119,67,5.0
308,6,4.0
237,6,5.0
20,0,4.0
0,6,4.0
145,65,3.0
293,8,4.0
201,167,3.0
173,41,5.0
6,2,4.0
0,6,4.0
213,55,3.0
84,64,2.0
169,7,4.0
261,52,4.0
0,0,3.0
49,45,4.0
193,6,3.0
129,55,5.0
8,5,1.0
21,5,2.0
268,52,5.0
44,42,3.0
0,3,2.0
109,42,2.0
209,7,3.0
310,52,4.0
59,6,5.0
41,57,4.0
103,42,4.0
187,7,4.0
3,4,3.0
247,52,3.0
98,6,4.0
3,0,3.0
0,0,2.0
0,4,3.0
135,78,4.0
23,0,4.0
227,6,5.0
307,52,5.0
0,2,4.0
93,51,4.0
90,41,5.0
120,58,5.0
262,6,4.0
303,41,4.0
6,2,4.0
6,6,4.0
4,7,5.0
122,101,5.0
242,6,1.0
215,7,2.0
23,0,3.0
23,5,2.0
0,4,4.0
3,5,1.0
11,4,4.0
259,6,4.0
306,55,4.0
89,45,4.0
79,7,2.0
23,5,1.0
6,4,3.0
281,42,1.0
86,35,3.0
7,3,1.0
150,86,2.0
0,6,5.0
46,6,5.0
215,55,5.0
257,41,4.0
48,41,2.0
107,7,5.0
201,157,4.0
162,121,1.0
23,1,2.0
125,36,5.0
23,2,5.0
106,42,2.0
241,55,5.0
120,67,5.0
8,0,1.0
13,1,1.0
144,55,2.0
13,0,4.0
277,52,4.0
201,148,4.0
3,5,2.0
213,52,5.0
4,7,4.0
132,67,4.0
238,42,2.0
289,6,3.0
0,5,3.0
0,0,4.0
233,2,4.0
268,200,2.0
219,2,4.0
151,52,4.0
16,1,5.0
53,41,4.0
86,41,4.0
158,6,3.0
262,7,5.0
68,217,5.0
6,4,5.0
156,41,3.0
13,1,1.0
23,0,2.0
8,6,5.0
10,6,4.0
96,2,5.0
291,52,2.0
282,41,4.0
23,0,3.0
140,64,4.0
171,123,5.0
248,104,5.0
9,7,3.0
18,5,1.0
225,2,1.0
23,0,4.0
141,41,5.0
269,92,4.0
233,52,4.0
233,7,2.0
10,7,5.0
232,2,5.0
23,2,2.0
291,7,5.0
234,42,5.0
141,55,5.0
256,2,5.0
7,1,2.0
205,7,3.0
6,4,4.0
69,58,5.0
318,6,4.0
86,6,4.0
243,45,3.0
7,1,2.0
11,7,3.0
157,42,5.0
285,6,3.0
268,203,4.0
277,45,1.0
190,2,4.0
173,55,5.0
0,4,3.0
219,6,5.0
157,74,5.0
17,0,5.0
20,5,1.0
2,4,3.0
290,52,5.0
11,0,2.0
274,42,1.0
8,6,3.0
173,45,5.0
8,0,1.0
30,22,1.0
11,0,2.0
20,0,3.0
24,7,5.0
192,139,4.0
0,2,4.0
9,0,4.0
0,0,4.0
0,6,4.0
267,127,5.0
0,1,3.0
239,42,3.0
307,240,5.0
201,170,3.0
307,243,4.0
160,60,4.0
115,42,3.0
313,55,5.0
316,7,5.0
13,0,1.0
70,83,2.0
268,7,2.0
20,7,2.0
121,55,4.0
79,65,3.0
183,6,5.0
3,6,4.0
52,6,5.0
176,6,1.0
0,5,2.0
311,6,5.0
18,2,4.0
24,10,4.0
270,60,3.0
67,72,4.0
0,6,5.0
168,61,5.0
55,41,5.0
298,7,2.0
132,6,5.0
144,118,3.0
8,7,3.0
0,0,3.0
72,59,3.0
323,6,4.0
69,78,1.0
268,197,3.0
6,0,1.0
101,52,5.0
41,59,3.0
77,45,3.0
269,7,3.0
8,5,1.0
130,52,5.0
116,34,3.0
8,7,2.0
3,0,3.0
39,41,2.0
307,2,4.0
58,7,3.0
80,91,5.0
291,6,2.0
65,66,4.0
76,65,2.0
18,3,2.0
23,0,3.0
23,5,2.0
182,6,3.0
268,6,4.0
99,52,3.0
8,7,3.0
144,45,4.0
314,151,5.0
204,6,1.0
23,1,3.0
182,41,4.0
30,24,2.0
274,6,4.0
0,0,3.0
6,0,4.0
119,37,5.0
11,0,1.0
0,2,3.0
317,55,4.0
0,1,2.0
81,2,4.0
48,2,2.0
22,0,4.0
270,213,5.0
0,3,3.0
201,168,4.0
238,52,3.0
90,55,3.0
279,42,3.0
16,5,1.0
15,4,1.0
98,55,3.0
151,7,5.0
185,34,3.0
178,45,3.0
129,41,3.0
299,41,5.0
245,104,5.0
206,185,2.0
231,41,4.0
244,55,4.0
279,41,4.0
22,6,4.0
59,35,5.0
144,35,4.0
155,6,4.0
68,65,4.0
268,207,4.0
0,6,4.0
66,52,4.0
18,6,5.0
92,45,5.0
22,6,2.0
293,212,5.0
263,7,5.0
278,45,5.0
240,7,4.0
306,42,3.0
120,6,5.0
265,41,3.0
48,73,2.0
10,0,3.0
47,55,4.0
32,37,5.0
85,59,5.0
35,49,4.0
191,137,5.0
154,41,4.0
201,36,5.0
98,7,2.0
23,3,1.0
8,4,3.0
30,21,4.0
117,55,4.0
270,55,5.0
8,4,1.0
190,7,5.0
51,55,4.0
0,6,3.0
317,7,1.0
310,2,5.0
285,41,5.0
0,1,2.0
289,45,4.0
0,1,4.0
240,55,5.0
68,2,4.0
8,1,1.0
3,5,1.0
87,68,2.0
23,7,3.0
30,25,4.0
215,45,4.0
114,42,3.0
6,5,1.0
175,6,5.0
14,6,5.0
302,55,1.0
111,65,5.0
10,6,4.0
316,6,5.0
97,6,5.0
11,4,2.0
49,7,3.0
283,7,5.0
178,52,2.0
239,52,3.0
32,17,4.0
177,55,4.0
100,42,2.0
310,245,5.0
97,41,5.0
323,42,3.0
43,66,5.0
266,7,4.0
2,3,1.0
280,55,5.0
225,6,5.0
115,55,4.0
81,80,3.0
153,15,4.0
119,58,5.0
2,0,2.0
68,124,5.0
8,4,2.0
9,7,1.0
314,7,3.0
22,6,3.0
83,41,4.0
34,30,4.0
53,58,3.0
208,45,5.0
115,7,4.0
62,2,4.0
38,7,1.0
296,45,4.0
123,102,5.0
265,45,4.0
151,6,3.0
105,66,3.0
0,0,3.0
134,7,3.0
113,42,2.0
120,47,5.0
20,5,1.0
13,4,1.0
10,4,2.0
135,79,5.0
72,68,4.0
17,6,4.0
23,7,4.0
0,7,4.0
99,45,2.0
6,3,2.0
224,45,4.0
82,69,2.0
107,42,3.0
3,2,2.0
308,41,5.0
0,0,4.0
227,7,5.0
119,6,5.0
4,2,4.0
67,65,4.0
23,0,3.0
23,6,4.0
68,13,5.0
230,42,5.0
321,65,2.0
288,42,4.0
161,41,5.0
91,6,1.0
81,55,4.0
197,52,4.0
310,244,1.0
310,202,5.0
282,232,2.0
3,0,2.0
307,104,5.0
270,214,5.0
268,198,3.0
4,6,4.0
203,2,2.0
228,52,4.0
28,6,4.0
297,45,2.0
22,6,1.0
282,230,1.0
0,1,3.0
261,2,4.0
221,188,5.0
113,55,4.0
144,42,4.0
287,6,3.0
0,0,4.0
272,41,5.0
0,7,4.0
52,76,3.0
253,52,4.0
201,142,4.0
281,7,5.0
262,2,5.0
23,2,3.0
4,3,1.0
3,2,4.0
105,42,4.0
22,5,4.0
218,6,5.0
7,5,1.0
128,34,3.0
212,42,5.0
20,0,4.0
261,45,3.0
80,89,4.0
121,98,4.0
23,6,2.0
80,45,4.0
30,29,5.0
111,41,5.0
20,5,2.0
132,2,3.0
9,6,5.0
0,3,3.0
146,41,4.0
324,13,5.0
247,45,3.0
50,56,4.0
23,0,3.0
301,6,2.0
222,2,4.0
129,6,5.0
183,42,5.0
144,6,3.0
106,51,2.0
13,1,1.0
23,7,4.0
161,6,3.0
6,4,1.0
9,6,2.0
0,0,3.0
3,5,3.0
91,13,2.0
291,55,1.0
23,6,3.0
61,45,4.0
0,7,5.0
0,4,4.0
290,52,5.0
0,1,3.0
0,6,4.0
308,2,2.0
168,37,5.0
6,0,3.0
296,52,5.0
198,7,1.0
63,7,3.0
96,67,5.0
180,52,3.0
11,1,4.0
0,3,3.0
61,58,5.0
44,41,4.0
304,52,4.0
153,43,5.0
8,5,1.0
281,2,4.0
23,6,3.0
296,55,2.0
313,247,5.0
8,1,1.0
272,42,3.0
310,0,2.0
200,41,4.0
225,45,4.0
198,6,1.0
181,132,5.0
6,2,1.0
152,6,2.0
20,5,1.0
115,56,3.0
0,2,3.0
0,3,4.0
131,59,4.0
121,99,3.0
317,6,1.0
198,45,5.0
282,226,2.0
7,3,3.0
0,0,4.0
201,181,3.0
17,6,4.0
254,38,5.0
13,0,1.0
50,43,4.0
31,20,5.0
8,2,5.0
11,2,4.0
187,41,4.0
141,6,5.0
184,52,5.0
270,45,3.0
183,55,5.0
0,7,5.0
201,155,4.0
22,2,3.0
208,52,5.0
206,42,5.0
22,6,1.0
10,0,3.0
270,52,5.0
293,35,4.0
32,40,5.0
23,6,3.0
20,0,4.0
23,6,4.0
11,7,2.0
295,74,3.0
177,6,2.0
281,45,2.0
176,41,5.0
166,58,5.0
23,6,2.0
0,2,5.0
207,6,3.0
129,45,4.0
227,42,1.0
243,74,5.0
23,0,4.0
92,6,4.0
52,7,4.0
284,55,4.0
104,41,4.0
277,55,3.0
213,41,5.0
18,2,4.0
307,10,4.0
208,7,2.0
286,42,4.0
294,52,2.0
40,36,5.0
23,0,4.0
23,0,2.0
223,6,3.0
31,32,3.0
195,6,4.0
259,55,4.0
8,7,1.0
13,0,2.0
196,45,2.0
178,2,4.0
112,43,4.0
298,2,1.0
288,41,4.0
201,52,5.0
119,52,5.0
321,74,2.0
16,1,5.0
34,7,5.0
23,7,5.0
245,190,5.0
267,55,4.0
311,2,4.0
126,104,4.0
125,67,5.0
119,45,4.0
24,7,5.0
126,59,3.0
293,52,3.0
8,1,1.0
20,7,3.0
187,136,5.0
8,7,3.0
3,4,3.0
73,45,3.0
2,2,1.0
170,55,4.0
135,65,5.0
201,180,1.0
170,66,4.0
204,41,2.0
276,55,5.0
0,3,3.0
23,1,2.0
36,51,5.0
14,6,5.0
0,2,5.0
52,55,5.0
148,34,5.0
96,41,4.0
112,57,4.0
102,46,5.0
6,1,3.0
297,52,3.0
19,1,4.0
11,5,3.0
21,4,5.0
107,58,3.0
14,6,5.0
177,42,2.0
287,7,3.0
195,55,4.0
5,4,5.0
23,0,3.0
6,7,4.0
13,0,2.0
17,6,5.0
210,42,3.0
236,45,4.0
23,4,3.0
223,7,2.0
140,110,2.0
62,81,4.0
122,41,2.0
71,2,4.0
23,7,4.0
6,4,5.0
119,43,3.0
218,55,5.0
201,169,2.0
42,64,4.0
109,7,4.0
7,7,1.0
38,6,5.0
137,41,3.0
10,7,5.0
94,6,4.0
109,35,5.0
282,222,1.0
84,36,5.0
8,6,4.0
22,2,1.0
36,52,3.0
198,55,5.0
23,0,2.0
124,34,4.0
43,9,2.0
321,6,3.0
264,6,5.0
71,55,4.0
308,45,3.0
101,55,5.0
69,13,5.0
203,55,1.0
243,6,3.0
23,2,2.0
107,2,5.0
321,54,1.0
6,0,2.0
92,41,3.0
15,0,3.0
308,42,4.0
0,1,4.0
0,4,4.0
150,65,3.0
136,107,4.0
23,0,5.0
51,42,4.0
6,4,4.0
321,42,3.0
3,0,3.0
0,0,4.0
270,42,2.0
23,0,4.0
262,55,4.0
201,177,4.0
23,2,5.0
118,6,1.0
269,157,4.0
0,0,5.0
243,55,4.0
300,41,5.0
278,2,1.0
26,9,2.0
231,6,1.0
163,41,3.0
232,42,3.0
233,6,3.0
274,45,3.0
260,47,4.0
320,7,1.0
107,52,4.0
268,41,5.0
201,179,2.0
248,55,4.0
19,4,2.0
298,42,2.0
3,0,3.0
0,0,3.0
0,5,2.0
236,52,5.0
20,5,2.0
164,122,5.0
0,1,2.0
11,0,3.0
162,120,2.0
77,55,5.0
0,0,4.0
6,2,5.0
248,217,5.0
242,55,5.0
85,74,5.0
23,2,5.0
221,187,4.0
94,42,3.0
282,45,4.0
217,41,4.0
108,34,4.0
299,7,2.0
21,4,5.0
316,0,5.0
180,55,5.0
287,45,4.0
224,2,5.0
123,49,3.0
184,6,5.0
71,74,4.0
246,41,4.0
4,2,1.0
94,49,3.0
8,5,1.0
88,61,5.0
134,6,3.0
48,6,3.0
121,7,3.0
176,42,3.0
314,2,5.0
6,3,3.0
282,227,2.0
99,7,3.0
282,221,5.0
269,17,3.0
2,0,4.0
312,246,3.0
237,55,5.0
51,2,5.0
250,2,5.0
0,2,5.0
0,0,2.0
161,7,4.0
261,7,5.0
266,2,4.0
297,41,2.0
65,54,3.0
106,52,2.0
220,41,4.0
142,7,4.0
296,7,3.0
293,235,5.0
244,42,2.0
232,41,4.0
201,143,3.0
114,70,1.0
0,7,4.0
75,41,5.0
282,223,2.0
22,0,2.0
0,0,3.0
278,41,5.0
0,1,2.0
227,41,1.0
119,34,4.0
8,1,1.0
82,45,4.0
238,2,2.0
286,52,5.0
119,41,5.0
23,3,3.0
77,85,4.0
89,36,4.0
0,1,3.0
32,33,3.0
8,0,5.0
79,6,4.0
247,42,3.0
32,35,4.0
175,7,4.0
120,41,5.0
3,4,2.0
101,41,5.0
137,55,5.0
80,42,5.0
23,2,5.0
206,45,4.0
93,67,4.0
233,45,2.0
145,6,5.0
274,0,1.0
186,6,4.0
294,6,5.0
315,55,3.0
0,0,4.0
201,100,5.0
18,6,5.0
107,45,3.0
23,2,3.0
117,45,4.0
43,52,5.0
6,0,4.0
68,218,5.0
226,41,2.0
321,41,2.0
103,45,3.0
148,53,4.0
111,67,5.0
20,7,4.0
119,7,4.0
3,0,3.0
134,41,4.0
8,0,5.0
215,41,4.0
311,104,5.0
291,42,5.0
111,6,3.0
22,6,1.0
254,45,4.0
185,1,5.0
236,7,4.0
215,2,2.0
2,2,3.0
205,52,1.0
261,6,2.0
21,5,3.0
149,6,5.0
117,74,3.0
283,42,1.0
6,0,3.0
15,0,4.0
294,2,4.0
54,41,5.0
48,74,5.0
11,1,2.0
19,1,3.0
280,7,4.0
321,0,2.0
95,60,4.0
68,81,4.0
109,55,5.0
199,55,5.0
10,7,5.0
321,45,3.0
268,201,2.0
311,217,4.0
247,55,4.0
68,11,3.0
3,0,4.0
64,42,1.0
32,41,5.0
4,7,5.0
281,6,2.0
249,6,4.0
77,86,3.0
144,41,4.0
17,0,4.0
174,55,5.0
277,7,1.0
73,7,3.0
23,5,2.0
3,0,4.0
71,17,2.0
125,65,5.0
15,7,2.0
0,4,4.0
3,6,2.0
23,7,5.0
75,50,1.0
0,2,5.0
176,55,5.0
10,7,5.0
155,103,5.0
151,46,4.0
7,7,1.0
170,42,3.0
23,1,4.0
141,114,3.0
169,77,5.0
215,6,1.0
0,5,2.0
105,7,2.0
8,3,4.0
251,45,4.0
318,2,5.0
32,44,5.0
266,55,5.0
26,11,2.0
42,55,5.0
4,2,1.0
6,5,1.0
36,50,5.0
29,17,4.0
11,0,4.0
156,7,4.0
201,144,3.0
94,45,4.0
51,7,4.0
221,38,4.0
0,7,5.0
92,42,5.0
287,55,4.0
19,3,4.0
3,2,2.0
3,3,2.0
99,53,3.0
60,79,5.0
20,0,4.0
66,71,5.0
91,55,5.0
140,113,5.0
167,52,5.0
95,41,3.0
162,53,4.0
98,45,2.0
154,58,4.0
11,5,2.0
242,7,1.0
97,56,4.0
293,72,5.0
288,6,3.0
229,52,3.0
23,3,2.0
37,35,4.0
70,55,1.0
37,46,3.0
293,92,4.0
2,0,1.0
158,71,2.0
127,2,5.0
11,7,4.0
46,56,3.0
279,45,4.0
23,0,3.0
201,174,1.0
282,229,1.0
3,3,4.0
293,42,2.0
194,140,5.0
10,0,5.0
116,70,4.0
8,6,3.0
202,6,2.0
23,5,1.0
233,55,3.0
77,7,4.0
1,1,1.0
286,41,4.0
32,4,5.0
107,6,5.0
126,68,4.0
142,64,4.0
23,2,3.0
270,6,5.0
221,41,3.0
295,52,4.0
79,55,4.0
293,57,4.0
8,4,4.0
6,3,2.0
242,2,1.0
29,15,5.0
241,6,3.0
286,55,3.0
283,41,3.0
91,59,4.0
239,41,3.0
184,2,3.0
111,54,4.0
179,128,4.0
6,1,1.0
183,52,5.0
15,7,4.0
0,5,3.0
153,48,3.0
11,2,4.0
46,57,4.0
10,7,4.0
282,224,2.0
171,7,1.0
0,5,3.0
323,41,4.0
112,74,3.0
90,69,3.0
230,52,5.0
201,41,5.0
81,94,4.0
15,7,5.0
268,45,5.0
240,41,2.0
8,1,1.0
102,79,4.0
16,1,3.0
23,0,3.0
201,145,3.0
293,55,5.0
19,3,5.0
18,5,3.0
23,0,3.0
248,113,5.0
0,3,3.0
103,41,4.0
0,4,4.0
210,6,3.0
119,13,4.0
103,6,3.0
62,6,5.0
278,52,3.0
282,225,2.0
293,63,4.0
67,67,5.0
268,205,3.0
317,2,3.0
6,4,4.0
177,45,1.0
0,3,2.0
204,42,1.0
201,152,3.0
293,41,4.0
270,210,5.0
291,41,1.0
0,5,2.0
22,2,4.0
181,131,4.0
312,6,4.0
22,5,4.0
302,52,5.0
69,82,5.0
111,45,4.0
243,2,2.0
77,41,3.0
169,42,2.0
201,162,3.0
82,18,3.0
123,103,5.0
275,52,4.0
187,55,3.0
204,2,1.0
213,45,5.0
25,6,4.0
21,5,1.0
70,2,2.0
112,54,4.0
92,55,4.0
96,42,4.0
3,2,3.0
283,6,1.0
153,104,5.0
23,3,2.0
201,158,3.0
290,41,3.0
126,105,4.0
117,42,4.0
197,7,2.0
293,202,4.0
0,6,4.0
307,54,4.0
8,4,3.0
112,58,4.0
22,5,5.0
0,2,5.0
80,50,1.0
30,6,5.0
309,52,1.0
154,55,4.0
23,5,3.0
123,74,3.0
23,0,4.0
29,16,5.0
6,6,1.0
7,7,1.0
222,42,1.0
6,3,1.0
202,7,3.0
115,45,2.0
223,45,5.0
230,6,5.0
23,6,3.0
177,7,2.0
137,7,4.0
268,194,2.0
98,42,2.0
169,41,3.0
123,7,4.0
279,52,4.0
63,35,4.0
75,42,3.0
15,0,2.0
8,6,1.0
240,52,4.0
227,55,5.0
6,2,2.0
13,4,2.0
175,41,3.0
9,6,4.0
151,119,5.0
205,42,3.0
263,52,4.0
290,6,4.0
317,42,1.0
277,42,1.0
180,41,3.0
68,108,4.0
23,5,2.0
87,66,3.0
204,7,1.0
23,7,4.0
64,34,2.0
179,38,5.0
2,3,1.0
23,2,5.0
215,52,3.0
23,0,4.0
86,55,4.0
142,9,4.0
98,38,4.0
117,41,3.0
23,1,3.0
289,55,4.0
45,34,5.0
0,5,1.0
11,1,2.0
81,7,4.0
109,54,4.0
3,2,3.0
93,64,4.0
60,67,5.0
146,7,2.0
179,129,4.0
295,67,4.0
95,72,5.0
280,45,5.0
141,7,4.0
307,89,5.0
0,1,3.0
73,53,4.0
15,0,2.0
250,55,3.0
18,5,1.0
27,13,5.0
38,54,2.0
3,7,4.0
6,6,4.0
23,5,2.0
184,41,5.0
149,7,4.0
139,55,4.0
278,6,3.0
65,79,4.0
239,6,4.0
19,1,3.0
127,55,5.0
295,45,3.0
98,41,3.0
6,0,3.0
206,41,3.0
0,2,5.0
0,1,2.0
243,41,4.0
156,42,3.0
268,192,4.0
321,34,2.0
29,19,4.0
52,65,4.0
111,2,3.0
6,7,2.0
0,0,3.0
179,130,5.0
148,60,4.0
6,4,2.0
149,55,3.0
0,0,3.0
205,41,1.0
274,52,3.0
13,0,4.0
119,36,5.0
170,36,3.0
254,6,3.0
255,41,4.0
23,3,2.0
66,41,4.0
270,216,4.0
18,4,5.0
6,4,4.0
271,45,4.0
287,52,3.0
247,6,2.0
290,6,4.0
22,6,2.0
54,60,5.0
121,68,4.0
3,7,4.0
7,3,1.0
253,55,4.0
133,74,5.0
46,70,4.0
238,45,2.0
79,74,4.0
105,6,4.0
6,4,3.0
264,7,3.0
201,99,5.0
317,52,1.0
265,7,3.0
110,18,5.0
303,45,5.0
34,6,5.0
0,0,3.0
0,0,4.0
171,46,5.0
0,2,4.0
16,1,5.0
150,18,4.0
76,84,2.0
68,6,4.0
307,55,5.0
281,55,2.0
270,7,4.0
7,1,2.0
82,55,4.0
218,7,4.0
116,26,3.0
122,7,1.0
259,45,1.0
126,57,4.0
32,7,5.0
272,7,1.0
6,7,3.0
90,42,3.0
259,2,5.0
24,8,4.0
98,52,3.0
119,44,3.0
101,42,3.0
96,7,4.0
134,52,5.0
121,42,5.0
18,3,3.0
0,4,4.0
232,6,4.0
145,78,5.0
0,2,5.0
9,7,1.0
225,7,5.0
0,2,5.0
231,55,4.0
216,52,4.0
267,7,4.0
23,2,5.0
32,43,5.0
131,55,2.0
148,58,5.0
91,67,5.0
305,41,1.0
234,52,5.0
174,6,5.0
307,45,3.0
234,55,5.0
201,147,3.0
100,35,3.0
171,55,5.0
235,42,5.0
6,7,1.0
1,2,4.0
107,67,4.0
157,41,5.0
23,3,1.0
241,41,1.0
57,46,4.0
201,182,4.0
308,55,4.0
0,1,2.0
173,6,4.0
100,70,3.0
41,34,4.0
87,95,3.0
152,42,5.0
10,7,4.0
269,41,4.0
310,7,3.0
289,41,4.0
173,42,5.0
180,7,3.0
89,6,3.0
78,74,2.0
8,0,1.0
271,42,3.0
20,0,3.0
114,53,1.0
195,2,4.0
105,55,4.0
275,42,2.0
90,7,1.0
157,61,4.0
33,46,5.0
119,55,5.0
169,55,4.0
201,43,5.0
0,0,2.0
43,67,3.0
19,4,2.0
8,3,4.0
0,7,4.0
1,0,3.0
23,2,4.0
119,35,4.0
6,4,4.0
280,52,4.0
18,7,3.0
23,3,1.0
0,1,3.0
14,6,5.0
17,6,2.0
122,2,5.0
230,45,5.0
281,41,3.0
247,7,2.0
20,7,3.0
267,104,5.0
136,6,3.0
0,7,4.0
102,37,4.0
32,34,4.0
23,5,2.0
193,139,4.0
318,55,4.0
32,39,5.0
141,36,5.0
62,80,5.0
248,103,4.0
220,6,5.0
24,2,5.0
68,85,4.0
8,4,4.0
31,17,4.0
200,7,4.0
6,7,4.0
76,61,3.0
300,7,1.0
5,4,4.0
221,52,4.0
105,45,4.0
113,41,4.0
8,3,4.0
255,42,5.0
46,69,4.0
0,0,2.0
94,67,4.0
0,1,3.0
41,58,4.0
171,6,5.0
6,0,1.0
315,2,5.0
205,45,1.0
118,9,3.0
21,4,5.0
83,59,4.0
297,6,3.0
22,2,1.0
6,3,1.0
130,34,4.0
23,7,3.0
75,6,4.0
153,74,5.0
238,55,4.0
9,6,5.0
270,151,5.0
11,6,5.0
201,166,3.0
185,135,5.0
23,6,3.0
11,5,1.0
88,48,4.0
99,49,5.0
201,171,3.0
267,45,4.0
201,178,1.0
23,2,5.0
307,42,4.0
228,55,3.0
0,0,4.0
232,55,5.0
226,55,5.0
298,52,4.0
127,84,3.0
245,191,5.0
134,55,5.0
162,42,3.0
288,55,5.0
0,0,3.0
223,42,4.0
309,6,4.0
101,58,4.0
20,7,3.0
85,54,5.0
23,0,4.0
0,0,4.0
89,66,3.0
185,134,5.0
0,0,3.0
214,55,5.0
105,41,3.0
18,5,2.0
270,211,4.0
10,0,3.0
131,41,3.0
0,2,4.0
18,7,2.0
42,62,3.0
284,7,4.0
6,6,2.0
23,3,2.0
245,54,4.0
301,42,4.0
6,6,5.0
0,1,3.0
23,2,4.0
153,58,4.0
230,41,5.0
18,6,5.0
122,42,3.0
2,0,1.0
6,7,1.0
256,100,5.0
4,3,1.0
270,212,5.0
213,6,3.0
30,26,4.0
70,41,2.0
81,92,4.0
137,42,3.0
236,41,4.0
103,55,3.0
0,4,3.0
284,6,3.0
83,58,3.0
0,0,3.0
296,2,3.0
263,6,5.0
8,5,1.0
310,45,5.0
6,4,5.0
224,55,5.0
277,41,3.0
0,4,2.0
71,75,3.0
239,7,1.0
251,34,4.0
3,0,2.0
10,7,4.0
23,1,3.0
8,0,5.0
19,4,1.0
222,45,1.0
238,7,4.0
131,53,2.0
3,0,3.0
0,2,5.0
3,7,4.0
62,52,5.0
137,74,5.0
8,7,3.0
7,5,1.0
0,5,3.0
298,55,3.0
8,0,5.0
2,4,5.0
6,3,2.0
201,7,1.0
